{
  "method": "instructor",
  "fixture": "countries_205",
  "n_fields": 205,
  "runs": 3,
  "coverage_mean": 0.9951219512195122,
  "fields_covered_mean": 204.0,
  "value_accuracy_mean": 0.9430894308943089,
  "value_accuracy_std": 0.0028163427765347626,
  "precision_mean": 0.9477124183006534,
  "reliability_mean": 0.8910569105691057,
  "json_pass_all": true,
  "by_type_mean": {
    "boolean": 0.9786324786324787,
    "short_string": 0.9212598425196851
  },
  "call_failed_mean": 0.0
}