{
  "method": "instructor",
  "fixture": "airports_1002",
  "n_fields": 1002,
  "runs": 3,
  "coverage_mean": 0.19860279441117765,
  "fields_covered_mean": 199.0,
  "value_accuracy_mean": 0.11044577511643379,
  "value_accuracy_std": 0.19129769398298976,
  "precision_mean": 0.1853713009491904,
  "reliability_mean": 0.022288755821689956,
  "json_pass_all": true,
  "by_type_mean": {
    "short_string": 0.11044577511643379
  },
  "call_failed_mean": 0.0
}