{
  "method": "langchain",
  "fixture": "countries_205",
  "n_fields": 205,
  "runs": 3,
  "coverage_mean": 1.0,
  "fields_covered_mean": 205.0,
  "value_accuracy_mean": 0.9560975609756097,
  "value_accuracy_std": 0.008449028329604287,
  "precision_mean": 0.9560975609756097,
  "reliability_mean": 0.9121951219512195,
  "json_pass_all": true,
  "by_type_mean": {
    "boolean": 0.9786324786324787,
    "short_string": 0.942257217847769
  },
  "call_failed_mean": 0.0
}