{
  "method": "langchain",
  "fixture": "pokemon_600",
  "n_fields": 600,
  "runs": 3,
  "coverage_mean": 0.3333333333333333,
  "fields_covered_mean": 200.0,
  "value_accuracy_mean": 0.2738888888888889,
  "value_accuracy_std": 0.47438947118414243,
  "precision_mean": 0.2738888888888889,
  "reliability_mean": 0.21444444444444444,
  "json_pass_all": true,
  "by_type_mean": {
    "integer": 0.29333333333333333,
    "short_string": 0.235
  },
  "call_failed_mean": 0.0
}