{
  "method": "langchain",
  "fixture": "airports_1002",
  "n_fields": 1002,
  "runs": 3,
  "coverage_mean": 0.5951430472388556,
  "fields_covered_mean": 596.3,
  "value_accuracy_mean": 0.4827012641383899,
  "value_accuracy_std": 0.05206227587355856,
  "precision_mean": 0.8111644477173031,
  "reliability_mean": 0.3702594810379242,
  "json_pass_all": true,
  "by_type_mean": {
    "short_string": 0.4827012641383899
  },
  "call_failed_mean": 0.0
}