{
  "method": "native_json",
  "fixture": "pokemon_600",
  "n_fields": 600,
  "runs": 3,
  "coverage_mean": 1.0,
  "fields_covered_mean": 600.0,
  "value_accuracy_mean": 0.8411111111111111,
  "value_accuracy_std": 0.00384900179459753,
  "precision_mean": 0.8411111111111111,
  "reliability_mean": 0.6822222222222223,
  "json_pass_all": true,
  "by_type_mean": {
    "integer": 0.9075000000000001,
    "short_string": 0.7083333333333334
  },
  "call_failed_mean": 0.0
}