{
  "method": "native_json",
  "fixture": "airports_1002",
  "n_fields": 1002,
  "runs": 3,
  "coverage_mean": 0.6626746506986029,
  "fields_covered_mean": 664.0,
  "value_accuracy_mean": 0.5429141716566867,
  "value_accuracy_std": 0.006914374481312874,
  "precision_mean": 0.8193605587153975,
  "reliability_mean": 0.4231536926147705,
  "json_pass_all": true,
  "by_type_mean": {
    "short_string": 0.5429141716566867
  },
  "call_failed_mean": 0.0
}