{
  "method": "nfield",
  "fixture": "airports_1002",
  "n_fields": 1002,
  "runs": 3,
  "coverage_mean": 0.9268130405854956,
  "fields_covered_mean": 928.7,
  "value_accuracy_mean": 0.7348636061210913,
  "value_accuracy_std": 0.004716382860531564,
  "precision_mean": 0.7929222043811769,
  "reliability_mean": 0.5429141716566867,
  "json_pass_all": true,
  "by_type_mean": {
    "short_string": 0.7348636061210913
  },
  "call_failed_mean": 0.0
}