{
  "method": "nfield",
  "fixture": "elements_59",
  "n_fields": 59,
  "runs": 3,
  "coverage_mean": 0.9887005649717514,
  "fields_covered_mean": 58.3,
  "value_accuracy_mean": 0.7514124293785311,
  "value_accuracy_std": 0.0352824745672226,
  "precision_mean": 0.7599844145723749,
  "reliability_mean": 0.5141242937853108,
  "json_pass_all": true,
  "by_type_mean": {
    "integer": 1.0,
    "number": 0.4583333333333333,
    "short_string": 0.9166666666666666
  },
  "call_failed_mean": 0.0
}