{
  "method": "nfield",
  "fixture": "pokemon_600",
  "n_fields": 600,
  "runs": 3,
  "coverage_mean": 0.9727777777777779,
  "fields_covered_mean": 583.7,
  "value_accuracy_mean": 0.7427777777777779,
  "value_accuracy_std": 0.01347150628109124,
  "precision_mean": 0.7635285818984912,
  "reliability_mean": 0.5127777777777778,
  "json_pass_all": true,
  "by_type_mean": {
    "integer": 0.8408333333333333,
    "short_string": 0.5466666666666667
  },
  "call_failed_mean": 0.0
}