{
  "method": "nfield",
  "fixture": "countries_205",
  "n_fields": 205,
  "runs": 3,
  "coverage_mean": 1.0,
  "fields_covered_mean": 205.0,
  "value_accuracy_mean": 0.9512195121951219,
  "value_accuracy_std": 0.004878048780487809,
  "precision_mean": 0.9512195121951219,
  "reliability_mean": 0.9024390243902439,
  "json_pass_all": true,
  "by_type_mean": {
    "boolean": 0.9743589743589745,
    "short_string": 0.937007874015748
  },
  "call_failed_mean": 0.0
}