{
  "method": "raw_prompt",
  "fixture": "countries_205",
  "n_fields": 205,
  "runs": 3,
  "coverage_mean": 0.9967479674796748,
  "fields_covered_mean": 204.3,
  "value_accuracy_mean": 0.9479674796747967,
  "value_accuracy_std": 0.0028163427765347626,
  "precision_mean": 0.9510913532780648,
  "reliability_mean": 0.8991869918699188,
  "json_pass_all": true,
  "by_type_mean": {
    "boolean": 0.9743589743589743,
    "short_string": 0.931758530183727
  },
  "call_failed_mean": 0.0
}