{
  "method": "raw_prompt",
  "fixture": "elements_59",
  "n_fields": 59,
  "runs": 3,
  "coverage_mean": 0.9887005649717514,
  "fields_covered_mean": 58.3,
  "value_accuracy_mean": 0.7175141242937854,
  "value_accuracy_std": 0.009785597782874987,
  "precision_mean": 0.7257938827196572,
  "reliability_mean": 0.4463276836158192,
  "json_pass_all": true,
  "by_type_mean": {
    "integer": 1.0,
    "number": 0.34722222222222215,
    "short_string": 0.9499999999999998
  },
  "call_failed_mean": 0.0
}