{
  "method": "raw_prompt",
  "fixture": "pokemon_600",
  "n_fields": 600,
  "runs": 3,
  "coverage_mean": 1.0,
  "fields_covered_mean": 600.0,
  "value_accuracy_mean": 0.8405555555555555,
  "value_accuracy_std": 0.001924500897298733,
  "precision_mean": 0.8405555555555555,
  "reliability_mean": 0.6811111111111111,
  "json_pass_all": true,
  "by_type_mean": {
    "integer": 0.9083333333333333,
    "short_string": 0.705
  },
  "call_failed_mean": 0.0
}