{
  "method": "langchain",
  "fixture": "factbook_multi",
  "n_fields": 1045,
  "runs": 1,
  "coverage_mean": 0.18181818181818182,
  "fields_covered_mean": 190.0,
  "value_accuracy_mean": 0.16172248803827752,
  "value_accuracy_std": 0.0,
  "json_pass_all": false,
  "by_type_mean": {
    "short_string": 0.14763552479815456,
    "long_string": 0.2303370786516854
  },
  "call_failed_mean": 0.0
}