{
  "method": "native_json",
  "fixture": "factbook_multi",
  "n_fields": 1045,
  "runs": 1,
  "coverage_mean": 0.19712918660287082,
  "fields_covered_mean": 206.0,
  "value_accuracy_mean": 0.17033492822966506,
  "value_accuracy_std": 0.0,
  "json_pass_all": false,
  "by_type_mean": {
    "short_string": 0.16608996539792387,
    "long_string": 0.19101123595505617
  },
  "call_failed_mean": 0.0
}