{
  "method": "nfield",
  "fixture": "financial_consolidation",
  "n_fields": 5641,
  "runs": 1,
  "coverage_mean": 1.0,
  "fields_covered_mean": 5641.0,
  "value_accuracy_mean": 0.9659634816521894,
  "value_accuracy_std": 0.0,
  "json_pass_all": true,
  "by_type_mean": {
    "boolean": 1.0,
    "enum": 0.9959349593495935,
    "integer": 0.9593478260869566,
    "number": 0.9948979591836735,
    "short_string": 0.9919678714859438
  },
  "call_failed_mean": 0.0
}