{
  "method": "native_json",
  "fixture": "factbook_multi",
  "n_fields": 1045,
  "runs": 1,
  "coverage_mean": 0.10430622009569378,
  "fields_covered_mean": 109.0,
  "value_accuracy_mean": 0.10047846889952153,
  "value_accuracy_std": 0.0,
  "json_pass_all": true,
  "by_type_mean": {
    "short_string": 0.10034602076124567,
    "long_string": 0.10112359550561797
  },
  "call_failed_mean": 0.0
}