{
  "method": "native_json",
  "fixture": "factbook_us",
  "n_fields": 335,
  "runs": 1,
  "coverage_mean": 0.3761194029850746,
  "fields_covered_mean": 126.0,
  "value_accuracy_mean": 0.31044776119402984,
  "value_accuracy_std": 0.0,
  "json_pass_all": true,
  "by_type_mean": {
    "short_string": 0.30656934306569344,
    "long_string": 0.32786885245901637
  },
  "call_failed_mean": 0.0
}