{
  "method": "langchain",
  "fixture": "factbook_multi",
  "n_fields": 1045,
  "runs": 1,
  "coverage_mean": 0.18086124401913875,
  "fields_covered_mean": 189.0,
  "value_accuracy_mean": 0.16076555023923444,
  "value_accuracy_std": 0.0,
  "json_pass_all": false,
  "by_type_mean": {
    "short_string": 0.14763552479815456,
    "long_string": 0.2247191011235955
  },
  "call_failed_mean": 0.0
}