{
  "method": "langchain",
  "fixture": "factbook_multi",
  "n_fields": 1045,
  "runs": 1,
  "coverage_mean": 0.19138755980861244,
  "fields_covered_mean": 200.0,
  "value_accuracy_mean": 0.17033492822966506,
  "value_accuracy_std": 0.0,
  "json_pass_all": false,
  "by_type_mean": {
    "short_string": 0.16032295271049596,
    "long_string": 0.21910112359550563
  },
  "call_failed_mean": 0.0
}