{
  "method": "langchain",
  "fixture": "clinicaltrial",
  "n_fields": 304,
  "runs": 1,
  "coverage_mean": 0.5032894736842105,
  "fields_covered_mean": 153.0,
  "value_accuracy_mean": 0.48355263157894735,
  "value_accuracy_std": 0.0,
  "json_pass_all": false,
  "by_type_mean": {
    "boolean": 0.8,
    "enum": 0.8333333333333334,
    "integer": 1.0,
    "number": 0.0,
    "short_string": 0.4271356783919598,
    "long_string": 0.7536231884057971
  },
  "call_failed_mean": 0.0
}