{
  "method": "langchain",
  "fixture": "factbook_multi",
  "n_fields": 1045,
  "runs": 1,
  "coverage_mean": 0.19712918660287082,
  "fields_covered_mean": 206.0,
  "value_accuracy_mean": 0.18851674641148325,
  "value_accuracy_std": 0.0,
  "json_pass_all": false,
  "by_type_mean": {
    "short_string": 0.1776239907727797,
    "long_string": 0.24157303370786518
  },
  "call_failed_mean": 0.0
}