{
  "method": "nfield",
  "fixture": "financial_consolidation",
  "n_fields": 5641,
  "runs": 1,
  "coverage_mean": 0.9991136323346924,
  "fields_covered_mean": 5636.0,
  "value_accuracy_mean": 0.980677184896295,
  "value_accuracy_std": 0.0,
  "json_pass_all": true,
  "by_type_mean": {
    "boolean": 0.987012987012987,
    "enum": 0.991869918699187,
    "integer": 0.9773913043478261,
    "number": 0.9974489795918368,
    "short_string": 1.0
  },
  "call_failed_mean": 0.0
}