{
  "method": "instructor",
  "fixture": "pokemon_600",
  "n_fields": 600,
  "runs": 3,
  "coverage_mean": 1.0,
  "fields_covered_mean": 600.0,
  "value_accuracy_mean": 0.7433333333333333,
  "value_accuracy_std": 0.08660254037844388,
  "precision_mean": 0.7433333333333333,
  "reliability_mean": 0.48666666666666664,
  "json_pass_all": true,
  "by_type_mean": {
    "integer": 0.9116666666666667,
    "short_string": 0.4066666666666667
  },
  "call_failed_mean": 0.0
}