{
  "method": "instructor",
  "fixture": "airports_1002",
  "n_fields": 1002,
  "runs": 3,
  "coverage_mean": 1.0,
  "fields_covered_mean": 1002.0,
  "value_accuracy_mean": 0.16467065868263472,
  "value_accuracy_std": 0.2618824088900806,
  "precision_mean": 0.16467065868263472,
  "reliability_mean": -0.6706586826347305,
  "json_pass_all": true,
  "by_type_mean": {
    "short_string": 0.16467065868263472
  },
  "call_failed_mean": 0.0
}