{
  "method": "instructor",
  "fixture": "countries_205",
  "n_fields": 205,
  "runs": 3,
  "coverage_mean": 0.9951219512195122,
  "fields_covered_mean": 204.0,
  "value_accuracy_mean": 0.9414634146341463,
  "value_accuracy_std": 0.0,
  "precision_mean": 0.9460784313725489,
  "reliability_mean": 0.8878048780487805,
  "json_pass_all": true,
  "by_type_mean": {
    "boolean": 0.9743589743589743,
    "short_string": 0.9212598425196851
  },
  "call_failed_mean": 0.0
}