{
  "method": "instructor",
  "fixture": "elements_59",
  "n_fields": 59,
  "runs": 3,
  "coverage_mean": 0.9830508474576272,
  "fields_covered_mean": 58.0,
  "value_accuracy_mean": 0.711864406779661,
  "value_accuracy_std": 0.0,
  "precision_mean": 0.7241379310344828,
  "reliability_mean": 0.4406779661016949,
  "json_pass_all": true,
  "by_type_mean": {
    "integer": 1.0,
    "number": 0.3333333333333333,
    "short_string": 0.9499999999999998
  },
  "call_failed_mean": 0.0
}