{
  "method": "langchain",
  "fixture": "airports_1002",
  "n_fields": 1002,
  "runs": 3,
  "coverage_mean": 0.9248170326014638,
  "fields_covered_mean": 926.7,
  "value_accuracy_mean": 0.7534930139720558,
  "value_accuracy_std": 0.028561053934639043,
  "precision_mean": 0.8146642870277523,
  "reliability_mean": 0.582168995342648,
  "json_pass_all": true,
  "by_type_mean": {
    "short_string": 0.7534930139720558
  },
  "call_failed_mean": 0.0
}