{
  "method": "langchain",
  "fixture": "pokemon_600",
  "n_fields": 600,
  "runs": 3,
  "coverage_mean": 1.0,
  "fields_covered_mean": 600.0,
  "value_accuracy_mean": 0.8277777777777778,
  "value_accuracy_std": 0.004811252243246929,
  "precision_mean": 0.8277777777777778,
  "reliability_mean": 0.6555555555555556,
  "json_pass_all": true,
  "by_type_mean": {
    "integer": 0.8891666666666667,
    "short_string": 0.705
  },
  "call_failed_mean": 0.0
}