{
  "method": "langchain",
  "fixture": "elements_59",
  "n_fields": 59,
  "runs": 3,
  "coverage_mean": 0.9830508474576272,
  "fields_covered_mean": 58.0,
  "value_accuracy_mean": 0.7344632768361582,
  "value_accuracy_std": 0.009785597782875051,
  "precision_mean": 0.7471264367816092,
  "reliability_mean": 0.4858757062146893,
  "json_pass_all": true,
  "by_type_mean": {
    "integer": 1.0,
    "number": 0.3888888888888889,
    "short_string": 0.9499999999999998
  },
  "call_failed_mean": 0.0
}