{
  "method": "native_json",
  "fixture": "pokemon_600",
  "n_fields": 600,
  "runs": 3,
  "coverage_mean": 1.0,
  "fields_covered_mean": 600.0,
  "value_accuracy_mean": 0.8333333333333334,
  "value_accuracy_std": 0.00726483157256783,
  "precision_mean": 0.8333333333333334,
  "reliability_mean": 0.6666666666666666,
  "json_pass_all": true,
  "by_type_mean": {
    "integer": 0.8966666666666666,
    "short_string": 0.7066666666666667
  },
  "call_failed_mean": 0.0
}