{
  "method": "nfield",
  "fixture": "countries_205",
  "n_fields": 205,
  "runs": 3,
  "coverage_mean": 1.0,
  "fields_covered_mean": 205.0,
  "value_accuracy_mean": 0.9512195121951219,
  "value_accuracy_std": 0.0,
  "precision_mean": 0.9512195121951219,
  "reliability_mean": 0.9024390243902439,
  "json_pass_all": true,
  "by_type_mean": {
    "boolean": 0.9786324786324787,
    "short_string": 0.9343832020997375
  },
  "call_failed_mean": 0.0
}