{
  "method": "nfield",
  "fixture": "airports_1002",
  "n_fields": 1002,
  "runs": 3,
  "coverage_mean": 0.9221556886227544,
  "fields_covered_mean": 924.0,
  "value_accuracy_mean": 0.7381902860944777,
  "value_accuracy_std": 0.012478376136733898,
  "precision_mean": 0.8004720959272816,
  "reliability_mean": 0.5542248835662009,
  "json_pass_all": true,
  "by_type_mean": {
    "short_string": 0.7381902860944777
  },
  "call_failed_mean": 0.0
}