{
  "method": "raw_prompt",
  "fixture": "airports_1002",
  "n_fields": 1002,
  "runs": 3,
  "coverage_mean": 0.9151696606786427,
  "fields_covered_mean": 917.0,
  "value_accuracy_mean": 0.7458416500332667,
  "value_accuracy_std": 0.024776508558037858,
  "precision_mean": 0.8153228604960366,
  "reliability_mean": 0.5765136393878909,
  "json_pass_all": true,
  "by_type_mean": {
    "short_string": 0.7458416500332667
  },
  "call_failed_mean": 0.0
}