{
  "method": "raw_prompt",
  "fixture": "countries_205",
  "n_fields": 205,
  "runs": 3,
  "coverage_mean": 1.0,
  "fields_covered_mean": 205.0,
  "value_accuracy_mean": 0.9658536585365853,
  "value_accuracy_std": 0.004878048780487809,
  "precision_mean": 0.9658536585365853,
  "reliability_mean": 0.9317073170731707,
  "json_pass_all": true,
  "by_type_mean": {
    "boolean": 0.9786324786324787,
    "short_string": 0.9580052493438319
  },
  "call_failed_mean": 0.0
}