{
  "method": "raw_prompt",
  "fixture": "pokemon_600",
  "n_fields": 600,
  "runs": 3,
  "coverage_mean": 1.0,
  "fields_covered_mean": 600.0,
  "value_accuracy_mean": 0.8411111111111111,
  "value_accuracy_std": 0.005357583756107218,
  "precision_mean": 0.8411111111111111,
  "reliability_mean": 0.6822222222222223,
  "json_pass_all": true,
  "by_type_mean": {
    "integer": 0.9091666666666667,
    "short_string": 0.705
  },
  "call_failed_mean": 0.0
}