{
  "method": "nfield",
  "fixture": "clinicaltrial",
  "n_fields": 304,
  "runs": 1,
  "coverage_mean": 0.930921052631579,
  "fields_covered_mean": 283.0,
  "value_accuracy_mean": 0.8914473684210527,
  "value_accuracy_std": 0.0,
  "json_pass_all": false,
  "by_type_mean": {
    "boolean": 1.0,
    "enum": 1.0,
    "integer": 1.0,
    "number": 0.8333333333333334,
    "short_string": 0.8844221105527639,
    "long_string": 0.9130434782608695
  },
  "call_failed_mean": 0.0
}